Date,Views
20170727,1655
20170728,1513
20170729,1320
20170730,1398
20170731,1441
20170801,1435
20170802,1455
20170803,1442
20170804,2078
20170805,1268
20170806,1411
20170807,1392
20170808,1592
20170809,1536
20170810,1513
20170811,1329
20170812,1425
20170813,1604
20170814,1468
20170815,1448
20170816,1536
20170817,1662
20170818,1421
20170819,1357
20170820,1455
20170821,1681
20170822,1544
20170823,1626
20170824,1484
20170825,1362
20170826,1536
20170827,1835
20170828,1615
20170829,1628
20170830,1500
20170831,1477
20170901,1487
20170902,1382
20170903,1567
20170904,1531
20170905,1631
20170906,1549
20170907,1815
20170908,1307
20170909,1323
20170910,1373
20170911,1506
20170912,1528
20170913,1575
20170914,1481
20170915,1469
20170916,1392
20170917,1549
20170918,1669
20170919,2029
20170920,1713
20170921,1588
20170922,1566
20170923,1483
20170924,1606
20170925,1903
